{
  "Version": 1,
  "ManifestType": "Publish",
  "Endpoints": [
    {
      "Route": "uploads/.5ipweew5fc.gitkeep",
      "AssetFile": "uploads/.gitkeep",
      "Selectors": [],
      "ResponseHeaders": [
        {
          "Name": "Accept-Ranges",
          "Value": "bytes"
        },
        {
          "Name": "Cache-Control",
          "Value": "max-age=31536000, immutable"
        },
        {
          "Name": "Content-Length",
          "Value": "0"
        },
        {
          "Name": "Content-Type",
          "Value": "application/octet-stream"
        },
        {
          "Name": "ETag",
          "Value": "\"47DEQpj8HBSa+/TImW+5JCeuQeRkm5NMpJWZG3hSuFU=\""
        },
        {
          "Name": "Last-Modified",
          "Value": "Sat, 07 Jun 2025 18:26:46 GMT"
        }
      ],
      "EndpointProperties": [
        {
          "Name": "fingerprint",
          "Value": "5ipweew5fc"
        },
        {
          "Name": "integrity",
          "Value": "sha256-47DEQpj8HBSa+/TImW+5JCeuQeRkm5NMpJWZG3hSuFU="
        },
        {
          "Name": "label",
          "Value": "uploads/.gitkeep"
        }
      ]
    },
    {
      "Route": "uploads/.gitkeep",
      "AssetFile": "uploads/.gitkeep",
      "Selectors": [],
      "ResponseHeaders": [
        {
          "Name": "Accept-Ranges",
          "Value": "bytes"
        },
        {
          "Name": "Cache-Control",
          "Value": "no-cache"
        },
        {
          "Name": "Content-Length",
          "Value": "0"
        },
        {
          "Name": "Content-Type",
          "Value": "application/octet-stream"
        },
        {
          "Name": "ETag",
          "Value": "\"47DEQpj8HBSa+/TImW+5JCeuQeRkm5NMpJWZG3hSuFU=\""
        },
        {
          "Name": "Last-Modified",
          "Value": "Sat, 07 Jun 2025 18:26:46 GMT"
        }
      ],
      "EndpointProperties": [
        {
          "Name": "integrity",
          "Value": "sha256-47DEQpj8HBSa+/TImW+5JCeuQeRkm5NMpJWZG3hSuFU="
        }
      ]
    }
  ]
}